"year","state","avg_score","grade_level","subject"
2005,"ALABAMA","225.0712",4,"Mathematics"
2005,"ALABAMA","207.752",4,"Reading"
2005,"ALABAMA","262.2111",8,"Mathematics"
2005,"ALABAMA","251.9784",8,"Reading"
2005,"ALASKA","235.5107",4,"Mathematics"
2005,"ALASKA","211.0613",4,"Reading"
2005,"ALASKA","278.9587",8,"Mathematics"
2005,"ALASKA","258.7213",8,"Reading"
2005,"ARIZONA","229.8007",4,"Mathematics"
2005,"ARIZONA","207.1427",4,"Reading"
2005,"ARIZONA","274.3051",8,"Mathematics"
2005,"ARIZONA","254.7879",8,"Reading"
2005,"ARKANSAS","235.5455",4,"Mathematics"
2005,"ARKANSAS","217.0715",4,"Reading"
2005,"ARKANSAS","271.6363",8,"Mathematics"
2005,"ARKANSAS","257.6917",8,"Reading"
2005,"CALIFORNIA","230.367",4,"Mathematics"
2005,"CALIFORNIA","206.512",4,"Reading"
2005,"CALIFORNIA","268.5581",8,"Mathematics"
2005,"CALIFORNIA","250.4311",8,"Reading"
2005,"COLORADO","239.2159",4,"Mathematics"
2005,"COLORADO","223.6561",4,"Reading"
2005,"COLORADO","280.824",8,"Mathematics"
2005,"COLORADO","264.7581",8,"Reading"
2005,"CONNECTICUT","242.1207",4,"Mathematics"
2005,"CONNECTICUT","225.753",4,"Reading"
2005,"CONNECTICUT","281.069",8,"Mathematics"
2005,"CONNECTICUT","264.0128",8,"Reading"
2005,"DELAWARE","239.7169",4,"Mathematics"
2005,"DELAWARE","225.8385",4,"Reading"
2005,"DELAWARE","280.9535",8,"Mathematics"
2005,"DELAWARE","266.0094",8,"Reading"
2005,"DISTRICT_OF_COLUMBIA","211.1223",4,"Mathematics"
2005,"DISTRICT_OF_COLUMBIA","190.7874",4,"Reading"
2005,"DISTRICT_OF_COLUMBIA","245.2158",8,"Mathematics"
2005,"DISTRICT_OF_COLUMBIA","238.2031",8,"Reading"
2005,"DODEA","270.5087",8,"Reading"
2005,"FLORIDA","238.9306",4,"Mathematics"
2005,"FLORIDA","219.4652",4,"Reading"
2005,"FLORIDA","274.0484",8,"Mathematics"
2005,"FLORIDA","255.78",8,"Reading"
2005,"GEORGIA","233.6357",4,"Mathematics"
2005,"GEORGIA","214.4309",4,"Reading"
2005,"GEORGIA","272.1916",8,"Mathematics"
2005,"GEORGIA","256.8724",8,"Reading"
2005,"HAWAII","230.0969",4,"Mathematics"
2005,"HAWAII","209.5788",4,"Reading"
2005,"HAWAII","265.6293",8,"Mathematics"
2005,"HAWAII","248.5054",8,"Reading"
2005,"IDAHO","241.6501",4,"Mathematics"
2005,"IDAHO","221.8595",4,"Reading"
2005,"IDAHO","280.9669",8,"Mathematics"
2005,"IDAHO","264.3017",8,"Reading"
2005,"ILLINOIS","233.0675",4,"Mathematics"
2005,"ILLINOIS","216.4897",4,"Reading"
2005,"ILLINOIS","277.6722",8,"Mathematics"
2005,"ILLINOIS","263.517",8,"Reading"
2005,"INDIANA","240.0691",4,"Mathematics"
2005,"INDIANA","218.0725",4,"Reading"
2005,"INDIANA","281.7149",8,"Mathematics"
2005,"INDIANA","261.0137",8,"Reading"
2005,"IOWA","239.8808",4,"Mathematics"
2005,"IOWA","220.8094",4,"Reading"
2005,"IOWA","283.8109",8,"Mathematics"
2005,"IOWA","267.0032",8,"Reading"
2005,"KANSAS","245.782",4,"Mathematics"
2005,"KANSAS","220.4687",4,"Reading"
2005,"KANSAS","284.0301",8,"Mathematics"
2005,"KANSAS","266.8312",8,"Reading"
2005,"KENTUCKY","231.4923",4,"Mathematics"
2005,"KENTUCKY","219.9268",4,"Reading"
2005,"KENTUCKY","273.983",8,"Mathematics"
2005,"KENTUCKY","263.9384",8,"Reading"
2005,"LOUISIANA","230.2312",4,"Mathematics"
2005,"LOUISIANA","209.1657",4,"Reading"
2005,"LOUISIANA","267.755",8,"Mathematics"
2005,"LOUISIANA","252.6916",8,"Reading"
2005,"MAINE","240.6915",4,"Mathematics"
2005,"MAINE","224.5778",4,"Reading"
2005,"MAINE","281.0585",8,"Mathematics"
2005,"MAINE","269.9834",8,"Reading"
2005,"MARYLAND","238.4217",4,"Mathematics"
2005,"MARYLAND","220.0296",4,"Reading"
2005,"MARYLAND","277.9308",8,"Mathematics"
2005,"MARYLAND","260.7824",8,"Reading"
2005,"MASSACHUSETTS","247.337",4,"Mathematics"
2005,"MASSACHUSETTS","231.2794",4,"Reading"
2005,"MASSACHUSETTS","291.5135",8,"Mathematics"
2005,"MASSACHUSETTS","273.7161",8,"Reading"
2005,"MICHIGAN","237.706",4,"Mathematics"
2005,"MICHIGAN","218.2607",4,"Reading"
2005,"MICHIGAN","277.3467",8,"Mathematics"
2005,"MICHIGAN","261.1385",8,"Reading"
2005,"MINNESOTA","245.7462",4,"Mathematics"
2005,"MINNESOTA","225.2266",4,"Reading"
2005,"MINNESOTA","290.075",8,"Mathematics"
2005,"MINNESOTA","268.3567",8,"Reading"
2005,"MISSISSIPPI","226.6988",4,"Mathematics"
2005,"MISSISSIPPI","204.3936",4,"Reading"
2005,"MISSISSIPPI","262.4562",8,"Mathematics"
2005,"MISSISSIPPI","250.5307",8,"Reading"
2005,"MISSOURI","235.0355",4,"Mathematics"
2005,"MISSOURI","221.1686",4,"Reading"
2005,"MISSOURI","276.4499",8,"Mathematics"
2005,"MISSOURI","264.6594",8,"Reading"
2005,"MONTANA","240.5755",4,"Mathematics"
2005,"MONTANA","224.5522",4,"Reading"
2005,"MONTANA","286.432",8,"Mathematics"
2005,"MONTANA","269.2241",8,"Reading"
2005,"NEBRASKA","237.7062",4,"Mathematics"
2005,"NEBRASKA","221.3775",4,"Reading"
2005,"NEBRASKA","283.963",8,"Mathematics"
2005,"NEBRASKA","267.4557",8,"Reading"
2005,"NEVADA","229.8716",4,"Mathematics"
2005,"NEVADA","207.187",4,"Reading"
2005,"NEVADA","269.9056",8,"Mathematics"
2005,"NEVADA","252.8691",8,"Reading"
2005,"NEW_HAMPSHIRE","245.6259",4,"Mathematics"
2005,"NEW_HAMPSHIRE","227.4383",4,"Reading"
2005,"NEW_HAMPSHIRE","285.2534",8,"Mathematics"
2005,"NEW_HAMPSHIRE","269.6513",8,"Reading"
2005,"NEW_JERSEY","243.9789",4,"Mathematics"
2005,"NEW_JERSEY","223.2984",4,"Reading"
2005,"NEW_JERSEY","283.9026",8,"Mathematics"
2005,"NEW_JERSEY","269.4232",8,"Reading"
2005,"NEW_MEXICO","224.0272",4,"Mathematics"
2005,"NEW_MEXICO","206.7916",4,"Reading"
2005,"NEW_MEXICO","263.2752",8,"Mathematics"
2005,"NEW_MEXICO","251.0333",8,"Reading"
2005,"NEW_YORK","238.174",4,"Mathematics"
2005,"NEW_YORK","222.6952",4,"Reading"
2005,"NEW_YORK","279.7163",8,"Mathematics"
2005,"NEW_YORK","265.1386",8,"Reading"
2005,"NORTH_CAROLINA","241.2355",4,"Mathematics"
2005,"NORTH_CAROLINA","217.1344",4,"Reading"
2005,"NORTH_CAROLINA","281.8251",8,"Mathematics"
2005,"NORTH_CAROLINA","258.1602",8,"Reading"
2005,"NORTH_DAKOTA","242.737",4,"Mathematics"
2005,"NORTH_DAKOTA","224.8108",4,"Reading"
2005,"NORTH_DAKOTA","286.961",8,"Mathematics"
2005,"NORTH_DAKOTA","270.2438",8,"Reading"
2005,"OHIO","242.1059",4,"Mathematics"
2005,"OHIO","222.5333",4,"Reading"
2005,"OHIO","283.2518",8,"Mathematics"
2005,"OHIO","266.7673",8,"Reading"
2005,"OKLAHOMA","233.9553",4,"Mathematics"
2005,"OKLAHOMA","213.8615",4,"Reading"
2005,"OKLAHOMA","271.3599",8,"Mathematics"
2005,"OKLAHOMA","259.6314",8,"Reading"
2005,"OREGON","238.3249",4,"Mathematics"
2005,"OREGON","216.9",4,"Reading"
2005,"OREGON","282.2373",8,"Mathematics"
2005,"OREGON","263.1569",8,"Reading"
2005,"PENNSYLVANIA","240.573",4,"Mathematics"
2005,"PENNSYLVANIA","222.772",4,"Reading"
2005,"PENNSYLVANIA","280.7138",8,"Mathematics"
2005,"PENNSYLVANIA","266.8219",8,"Reading"
2005,"RHODE_ISLAND","233.4368",4,"Mathematics"
2005,"RHODE_ISLAND","216.4399",4,"Reading"
2005,"RHODE_ISLAND","272.345",8,"Mathematics"
2005,"RHODE_ISLAND","260.9683",8,"Reading"
2005,"SOUTH_CAROLINA","238.3027",4,"Mathematics"
2005,"SOUTH_CAROLINA","213.2035",4,"Reading"
2005,"SOUTH_CAROLINA","281.2343",8,"Mathematics"
2005,"SOUTH_CAROLINA","257.1691",8,"Reading"
2005,"SOUTH_DAKOTA","241.5942",4,"Mathematics"
2005,"SOUTH_DAKOTA","222.3987",4,"Reading"
2005,"SOUTH_DAKOTA","287.3036",8,"Mathematics"
2005,"SOUTH_DAKOTA","268.5404",8,"Reading"
2005,"TENNESSEE","231.6881",4,"Mathematics"
2005,"TENNESSEE","214.2213",4,"Reading"
2005,"TENNESSEE","270.5246",8,"Mathematics"
2005,"TENNESSEE","259.0723",8,"Reading"
2005,"TEXAS","241.9909",4,"Mathematics"
2005,"TEXAS","218.7338",4,"Reading"
2005,"TEXAS","281.1028",8,"Mathematics"
2005,"TEXAS","258.1916",8,"Reading"
2005,"UTAH","238.7974",4,"Mathematics"
2005,"UTAH","221.3109",4,"Reading"
2005,"UTAH","279.1561",8,"Mathematics"
2005,"UTAH","261.8709",8,"Reading"
2005,"VERMONT","243.5289",4,"Mathematics"
2005,"VERMONT","226.8863",4,"Reading"
2005,"VERMONT","287.3565",8,"Mathematics"
2005,"VERMONT","268.7724",8,"Reading"
2005,"VIRGINIA","240.4976",4,"Mathematics"
2005,"VIRGINIA","225.8137",4,"Reading"
2005,"VIRGINIA","284.3716",8,"Mathematics"
2005,"VIRGINIA","267.809",8,"Reading"
2005,"WASHINGTON","241.6847",4,"Mathematics"
2005,"WASHINGTON","223.4864",4,"Reading"
2005,"WASHINGTON","285.0522",8,"Mathematics"
2005,"WASHINGTON","264.6566",8,"Reading"
2005,"WEST_VIRGINIA","230.8433",4,"Mathematics"
2005,"WEST_VIRGINIA","214.7671",4,"Reading"
2005,"WEST_VIRGINIA","269.0995",8,"Mathematics"
2005,"WEST_VIRGINIA","255.0734",8,"Reading"
2005,"WISCONSIN","240.5686",4,"Mathematics"
2005,"WISCONSIN","221.1642",4,"Reading"
2005,"WISCONSIN","284.5416",8,"Mathematics"
2005,"WISCONSIN","266.2286",8,"Reading"
2005,"WYOMING","242.9559",4,"Mathematics"
2005,"WYOMING","223.2621",4,"Reading"
2005,"WYOMING","282.1006",8,"Mathematics"
2005,"WYOMING","268.1242",8,"Reading"
2007,"ALABAMA","228.52",4,"Mathematics"
2007,"ALABAMA","216.389",4,"Reading"
2007,"ALABAMA","266.0001",8,"Mathematics"
2007,"ALABAMA","251.9369",8,"Reading"
2007,"ALASKA","237.2739",4,"Mathematics"
2007,"ALASKA","214.477",4,"Reading"
2007,"ALASKA","282.5572",8,"Mathematics"
2007,"ALASKA","258.7985",8,"Reading"
2007,"ARIZONA","231.9369",4,"Mathematics"
2007,"ARIZONA","209.5206",4,"Reading"
2007,"ARIZONA","275.5484",8,"Mathematics"
2007,"ARIZONA","254.8288",8,"Reading"
2007,"ARKANSAS","237.6707",4,"Mathematics"
2007,"ARKANSAS","217.0278",4,"Reading"
2007,"ARKANSAS","273.8999",8,"Mathematics"
2007,"ARKANSAS","257.961",8,"Reading"
2007,"CALIFORNIA","230.0341",4,"Mathematics"
2007,"CALIFORNIA","208.5222",4,"Reading"
2007,"CALIFORNIA","270.3818",8,"Mathematics"
2007,"CALIFORNIA","251.2878",8,"Reading"
2007,"COLORADO","240.2059",4,"Mathematics"
2007,"COLORADO","223.7327",4,"Reading"
2007,"COLORADO","286.1928",8,"Mathematics"
2007,"COLORADO","266.4079",8,"Reading"
2007,"CONNECTICUT","242.7556",4,"Mathematics"
2007,"CONNECTICUT","227.2036",4,"Reading"
2007,"CONNECTICUT","282.4728",8,"Mathematics"
2007,"CONNECTICUT","267.0557",8,"Reading"
2007,"DELAWARE","241.7949",4,"Mathematics"
2007,"DELAWARE","225.0705",4,"Reading"
2007,"DELAWARE","282.9921",8,"Mathematics"
2007,"DELAWARE","264.5448",8,"Reading"
2007,"DISTRICT_OF_COLUMBIA","213.6989",4,"Mathematics"
2007,"DISTRICT_OF_COLUMBIA","197.086",4,"Reading"
2007,"DISTRICT_OF_COLUMBIA","248.1987",8,"Mathematics"
2007,"DISTRICT_OF_COLUMBIA","240.7936",8,"Reading"
2007,"DODEA","272.6926",8,"Reading"
2007,"FLORIDA","242.0203",4,"Mathematics"
2007,"FLORIDA","223.5349",4,"Reading"
2007,"FLORIDA","277.3835",8,"Mathematics"
2007,"FLORIDA","259.7907",8,"Reading"
2007,"GEORGIA","235.209",4,"Mathematics"
2007,"GEORGIA","218.8882",4,"Reading"
2007,"GEORGIA","274.7787",8,"Mathematics"
2007,"GEORGIA","258.705",8,"Reading"
2007,"HAWAII","234.2861",4,"Mathematics"
2007,"HAWAII","213.4966",4,"Reading"
2007,"HAWAII","268.772",8,"Mathematics"
2007,"HAWAII","251.3308",8,"Reading"
2007,"IDAHO","240.9028",4,"Mathematics"
2007,"IDAHO","223.4041",4,"Reading"
2007,"IDAHO","283.5076",8,"Mathematics"
2007,"IDAHO","264.8863",8,"Reading"
2007,"ILLINOIS","237.287",4,"Mathematics"
2007,"ILLINOIS","219.3868",4,"Reading"
2007,"ILLINOIS","280.4971",8,"Mathematics"
2007,"ILLINOIS","262.8266",8,"Reading"
2007,"INDIANA","245.1443",4,"Mathematics"
2007,"INDIANA","221.6731",4,"Reading"
2007,"INDIANA","285.0072",8,"Mathematics"
2007,"INDIANA","264.096",8,"Reading"
2007,"IOWA","242.8196",4,"Mathematics"
2007,"IOWA","224.8948",4,"Reading"
2007,"IOWA","285.2269",8,"Mathematics"
2007,"IOWA","267.4507",8,"Reading"
2007,"KANSAS","247.9237",4,"Mathematics"
2007,"KANSAS","224.6584",4,"Reading"
2007,"KANSAS","290.0326",8,"Mathematics"
2007,"KANSAS","267.4138",8,"Reading"
2007,"KENTUCKY","235.0879",4,"Mathematics"
2007,"KENTUCKY","222.4323",4,"Reading"
2007,"KENTUCKY","278.7047",8,"Mathematics"
2007,"KENTUCKY","261.966",8,"Reading"
2007,"LOUISIANA","230.0431",4,"Mathematics"
2007,"LOUISIANA","207.4068",4,"Reading"
2007,"LOUISIANA","272.3863",8,"Mathematics"
2007,"LOUISIANA","253.2383",8,"Reading"
2007,"MAINE","242.3706",4,"Mathematics"
2007,"MAINE","225.544",4,"Reading"
2007,"MAINE","286.4723",8,"Mathematics"
2007,"MAINE","269.9202",8,"Reading"
2007,"MARYLAND","240.3282",4,"Mathematics"
2007,"MARYLAND","224.7813",4,"Reading"
2007,"MARYLAND","285.7343",8,"Mathematics"
2007,"MARYLAND","265.2401",8,"Reading"
2007,"MASSACHUSETTS","252.4303",4,"Mathematics"
2007,"MASSACHUSETTS","235.7535",4,"Reading"
2007,"MASSACHUSETTS","297.9233",8,"Mathematics"
2007,"MASSACHUSETTS","273.284",8,"Reading"
2007,"MICHIGAN","237.6056",4,"Mathematics"
2007,"MICHIGAN","220.1185",4,"Reading"
2007,"MICHIGAN","276.8305",8,"Mathematics"
2007,"MICHIGAN","260.3177",8,"Reading"
2007,"MINNESOTA","246.9978",4,"Mathematics"
2007,"MINNESOTA","224.917",4,"Reading"
2007,"MINNESOTA","291.8511",8,"Mathematics"
2007,"MINNESOTA","268.1974",8,"Reading"
2007,"MISSISSIPPI","227.6124",4,"Mathematics"
2007,"MISSISSIPPI","207.8095",4,"Reading"
2007,"MISSISSIPPI","264.8909",8,"Mathematics"
2007,"MISSISSIPPI","250.0636",8,"Reading"
2007,"MISSOURI","239.4111",4,"Mathematics"
2007,"MISSOURI","220.7768",4,"Reading"
2007,"MISSOURI","280.6195",8,"Mathematics"
2007,"MISSOURI","263.4423",8,"Reading"
2007,"MONTANA","243.6188",4,"Mathematics"
2007,"MONTANA","226.6665",4,"Reading"
2007,"MONTANA","287.0755",8,"Mathematics"
2007,"MONTANA","270.9378",8,"Reading"
2007,"NEBRASKA","238.0408",4,"Mathematics"
2007,"NEBRASKA","222.9026",4,"Reading"
2007,"NEBRASKA","283.6506",8,"Mathematics"
2007,"NEBRASKA","267.0309",8,"Reading"
2007,"NEVADA","231.7816",4,"Mathematics"
2007,"NEVADA","210.819",4,"Reading"
2007,"NEVADA","270.804",8,"Mathematics"
2007,"NEVADA","252.3485",8,"Reading"
2007,"NEW_HAMPSHIRE","248.5715",4,"Mathematics"
2007,"NEW_HAMPSHIRE","229.0172",4,"Reading"
2007,"NEW_HAMPSHIRE","287.5571",8,"Mathematics"
2007,"NEW_HAMPSHIRE","269.7346",8,"Reading"
2007,"NEW_JERSEY","248.6215",4,"Mathematics"
2007,"NEW_JERSEY","230.647",4,"Reading"
2007,"NEW_JERSEY","288.5835",8,"Mathematics"
2007,"NEW_JERSEY","270.1416",8,"Reading"
2007,"NEW_MEXICO","228.0643",4,"Mathematics"
2007,"NEW_MEXICO","211.6319",4,"Reading"
2007,"NEW_MEXICO","267.5381",8,"Mathematics"
2007,"NEW_MEXICO","250.7532",8,"Reading"
2007,"NEW_YORK","242.543",4,"Mathematics"
2007,"NEW_YORK","223.752",4,"Reading"
2007,"NEW_YORK","280.1412",8,"Mathematics"
2007,"NEW_YORK","263.5457",8,"Reading"
2007,"NORTH_CAROLINA","241.618",4,"Mathematics"
2007,"NORTH_CAROLINA","217.934",4,"Reading"
2007,"NORTH_CAROLINA","283.8807",8,"Mathematics"
2007,"NORTH_CAROLINA","259.1367",8,"Reading"
2007,"NORTH_DAKOTA","245.4159",4,"Mathematics"
2007,"NORTH_DAKOTA","226.3255",4,"Reading"
2007,"NORTH_DAKOTA","291.5616",8,"Mathematics"
2007,"NORTH_DAKOTA","268.0177",8,"Reading"
2007,"OHIO","244.5327",4,"Mathematics"
2007,"OHIO","225.667",4,"Reading"
2007,"OHIO","284.8516",8,"Mathematics"
2007,"OHIO","267.979",8,"Reading"
2007,"OKLAHOMA","236.8022",4,"Mathematics"
2007,"OKLAHOMA","216.9557",4,"Reading"
2007,"OKLAHOMA","274.535",8,"Mathematics"
2007,"OKLAHOMA","259.5472",8,"Reading"
2007,"OREGON","236.0397",4,"Mathematics"
2007,"OREGON","215.0173",4,"Reading"
2007,"OREGON","283.8263",8,"Mathematics"
2007,"OREGON","265.7102",8,"Reading"
2007,"PENNSYLVANIA","244.0013",4,"Mathematics"
2007,"PENNSYLVANIA","226.3537",4,"Reading"
2007,"PENNSYLVANIA","286.1669",8,"Mathematics"
2007,"PENNSYLVANIA","267.6656",8,"Reading"
2007,"RHODE_ISLAND","235.8779",4,"Mathematics"
2007,"RHODE_ISLAND","218.7614",4,"Reading"
2007,"RHODE_ISLAND","275.387",8,"Mathematics"
2007,"RHODE_ISLAND","258.3211",8,"Reading"
2007,"SOUTH_CAROLINA","237.1074",4,"Mathematics"
2007,"SOUTH_CAROLINA","213.8365",4,"Reading"
2007,"SOUTH_CAROLINA","281.5036",8,"Mathematics"
2007,"SOUTH_CAROLINA","257.4212",8,"Reading"
2007,"SOUTH_DAKOTA","241.2134",4,"Mathematics"
2007,"SOUTH_DAKOTA","223.3985",4,"Reading"
2007,"SOUTH_DAKOTA","288.4639",8,"Mathematics"
2007,"SOUTH_DAKOTA","269.5968",8,"Reading"
2007,"TENNESSEE","232.7537",4,"Mathematics"
2007,"TENNESSEE","215.7493",4,"Reading"
2007,"TENNESSEE","273.9788",8,"Mathematics"
2007,"TENNESSEE","259.162",8,"Reading"
2007,"TEXAS","242.3398",4,"Mathematics"
2007,"TEXAS","219.6043",4,"Reading"
2007,"TEXAS","285.8707",8,"Mathematics"
2007,"TEXAS","260.8129",8,"Reading"
2007,"UTAH","239.405",4,"Mathematics"
2007,"UTAH","221.2614",4,"Reading"
2007,"UTAH","281.0875",8,"Mathematics"
2007,"UTAH","262.228",8,"Reading"
2007,"VERMONT","246.3574",4,"Mathematics"
2007,"VERMONT","228.2485",4,"Reading"
2007,"VERMONT","291.0108",8,"Mathematics"
2007,"VERMONT","273.0458",8,"Reading"
2007,"VIRGINIA","243.5211",4,"Mathematics"
2007,"VIRGINIA","227.1367",4,"Reading"
2007,"VIRGINIA","287.6259",8,"Mathematics"
2007,"VIRGINIA","266.8787",8,"Reading"
2007,"WASHINGTON","242.5422",4,"Mathematics"
2007,"WASHINGTON","223.9993",4,"Reading"
2007,"WASHINGTON","284.8628",8,"Mathematics"
2007,"WASHINGTON","264.9478",8,"Reading"
2007,"WEST_VIRGINIA","236.3378",4,"Mathematics"
2007,"WEST_VIRGINIA","215.1306",4,"Reading"
2007,"WEST_VIRGINIA","270.0841",8,"Mathematics"
2007,"WEST_VIRGINIA","254.9986",8,"Reading"
2007,"WISCONSIN","244.1812",4,"Mathematics"
2007,"WISCONSIN","223.318",4,"Reading"
2007,"WISCONSIN","285.6179",8,"Mathematics"
2007,"WISCONSIN","264.1845",8,"Reading"
2007,"WYOMING","243.8669",4,"Mathematics"
2007,"WYOMING","225.2895",4,"Reading"
2007,"WYOMING","286.9878",8,"Mathematics"
2007,"WYOMING","266.2255",8,"Reading"
2009,"ALABAMA","227.9627",4,"Mathematics"
2009,"ALABAMA","216.2734",4,"Reading"
2009,"ALABAMA","268.5241",8,"Mathematics"
2009,"ALABAMA","254.8952",8,"Reading"
2009,"ALASKA","237.2123",4,"Mathematics"
2009,"ALASKA","211.1274",4,"Reading"
2009,"ALASKA","283.0477",8,"Mathematics"
2009,"ALASKA","259.4494",8,"Reading"
2009,"ARIZONA","229.9911",4,"Mathematics"
2009,"ARIZONA","209.9893",4,"Reading"
2009,"ARIZONA","277.3323",8,"Mathematics"
2009,"ARIZONA","257.5953",8,"Reading"
2009,"ARKANSAS","237.5406",4,"Mathematics"
2009,"ARKANSAS","216.1516",4,"Reading"
2009,"ARKANSAS","275.9995",8,"Mathematics"
2009,"ARKANSAS","258.0486",8,"Reading"
2009,"CALIFORNIA","231.6749",4,"Mathematics"
2009,"CALIFORNIA","209.7624",4,"Reading"
2009,"CALIFORNIA","270.4486",8,"Mathematics"
2009,"CALIFORNIA","252.6314",8,"Reading"
2009,"COLORADO","243.1324",4,"Mathematics"
2009,"COLORADO","225.6966",4,"Reading"
2009,"COLORADO","287.3729",8,"Mathematics"
2009,"COLORADO","265.5131",8,"Reading"
2009,"CONNECTICUT","244.7177",4,"Mathematics"
2009,"CONNECTICUT","228.9721",4,"Reading"
2009,"CONNECTICUT","288.6085",8,"Mathematics"
2009,"CONNECTICUT","271.8101",8,"Reading"
2009,"DELAWARE","239.4906",4,"Mathematics"
2009,"DELAWARE","225.5131",4,"Reading"
2009,"DELAWARE","283.8295",8,"Mathematics"
2009,"DELAWARE","264.999",8,"Reading"
2009,"DISTRICT_OF_COLUMBIA","219.2601",4,"Mathematics"
2009,"DISTRICT_OF_COLUMBIA","201.9846",4,"Reading"
2009,"DISTRICT_OF_COLUMBIA","253.5952",8,"Mathematics"
2009,"DISTRICT_OF_COLUMBIA","242.4904",8,"Reading"
2009,"DODEA","272.4593",8,"Reading"
2009,"FLORIDA","241.9449",4,"Mathematics"
2009,"FLORIDA","225.6734",4,"Reading"
2009,"FLORIDA","279.3353",8,"Mathematics"
2009,"FLORIDA","264.362",8,"Reading"
2009,"GEORGIA","236.0296",4,"Mathematics"
2009,"GEORGIA","217.8481",4,"Reading"
2009,"GEORGIA","277.5612",8,"Mathematics"
2009,"GEORGIA","260.2445",8,"Reading"
2009,"HAWAII","235.6798",4,"Mathematics"
2009,"HAWAII","210.6164",4,"Reading"
2009,"HAWAII","273.7586",8,"Mathematics"
2009,"HAWAII","254.739",8,"Reading"
2009,"IDAHO","241.0428",4,"Mathematics"
2009,"IDAHO","221.0229",4,"Reading"
2009,"IDAHO","287.3052",8,"Mathematics"
2009,"IDAHO","264.8372",8,"Reading"
2009,"ILLINOIS","238.2857",4,"Mathematics"
2009,"ILLINOIS","219.1658",4,"Reading"
2009,"ILLINOIS","282.4314",8,"Mathematics"
2009,"ILLINOIS","264.514",8,"Reading"
2009,"INDIANA","242.6168",4,"Mathematics"
2009,"INDIANA","222.6595",4,"Reading"
2009,"INDIANA","286.81",8,"Mathematics"
2009,"INDIANA","265.6912",8,"Reading"
2009,"IOWA","242.5956",4,"Mathematics"
2009,"IOWA","221.4223",4,"Reading"
2009,"IOWA","284.1702",8,"Mathematics"
2009,"IOWA","264.8881",8,"Reading"
2009,"KANSAS","245.3087",4,"Mathematics"
2009,"KANSAS","223.9242",4,"Reading"
2009,"KANSAS","288.5964",8,"Mathematics"
2009,"KANSAS","266.7995",8,"Reading"
2009,"KENTUCKY","238.8359",4,"Mathematics"
2009,"KENTUCKY","225.6062",4,"Reading"
2009,"KENTUCKY","279.2842",8,"Mathematics"
2009,"KENTUCKY","266.854",8,"Reading"
2009,"LOUISIANA","229.4325",4,"Mathematics"
2009,"LOUISIANA","207.4861",4,"Reading"
2009,"LOUISIANA","272.3799",8,"Mathematics"
2009,"LOUISIANA","253.329",8,"Reading"
2009,"MAINE","244.4557",4,"Mathematics"
2009,"MAINE","223.7904",4,"Reading"
2009,"MAINE","286.3614",8,"Mathematics"
2009,"MAINE","267.7065",8,"Reading"
2009,"MARYLAND","243.795",4,"Mathematics"
2009,"MARYLAND","226.0478",4,"Reading"
2009,"MARYLAND","288.3416",8,"Mathematics"
2009,"MARYLAND","267.2981",8,"Reading"
2009,"MASSACHUSETTS","252.2548",4,"Mathematics"
2009,"MASSACHUSETTS","233.7495",4,"Reading"
2009,"MASSACHUSETTS","298.8543",8,"Mathematics"
2009,"MASSACHUSETTS","273.5893",8,"Reading"
2009,"MICHIGAN","236.2797",4,"Mathematics"
2009,"MICHIGAN","218.2356",4,"Reading"
2009,"MICHIGAN","278.2682",8,"Mathematics"
2009,"MICHIGAN","261.8982",8,"Reading"
2009,"MINNESOTA","249.4555",4,"Mathematics"
2009,"MINNESOTA","223.3367",4,"Reading"
2009,"MINNESOTA","294.4433",8,"Mathematics"
2009,"MINNESOTA","269.7398",8,"Reading"
2009,"MISSISSIPPI","227.2623",4,"Mathematics"
2009,"MISSISSIPPI","210.5065",4,"Reading"
2009,"MISSISSIPPI","265.002",8,"Mathematics"
2009,"MISSISSIPPI","251.3057",8,"Reading"
2009,"MISSOURI","240.6844",4,"Mathematics"
2009,"MISSOURI","223.8424",4,"Reading"
2009,"MISSOURI","285.808",8,"Mathematics"
2009,"MISSOURI","266.8765",8,"Reading"
2009,"MONTANA","244.4008",4,"Mathematics"
2009,"MONTANA","224.6518",4,"Reading"
2009,"MONTANA","291.5429",8,"Mathematics"
2009,"MONTANA","270.3939",8,"Reading"
2009,"NEBRASKA","238.7485",4,"Mathematics"
2009,"NEBRASKA","222.5233",4,"Reading"
2009,"NEBRASKA","284.2591",8,"Mathematics"
2009,"NEBRASKA","267.0679",8,"Reading"
2009,"NEVADA","235.1523",4,"Mathematics"
2009,"NEVADA","211.1406",4,"Reading"
2009,"NEVADA","274.1485",8,"Mathematics"
2009,"NEVADA","253.841",8,"Reading"
2009,"NEW_HAMPSHIRE","251.0718",4,"Mathematics"
2009,"NEW_HAMPSHIRE","229.1445",4,"Reading"
2009,"NEW_HAMPSHIRE","292.3218",8,"Mathematics"
2009,"NEW_HAMPSHIRE","270.7482",8,"Reading"
2009,"NEW_JERSEY","246.5299",4,"Mathematics"
2009,"NEW_JERSEY","229.3945",4,"Reading"
2009,"NEW_JERSEY","292.6572",8,"Mathematics"
2009,"NEW_JERSEY","272.8026",8,"Reading"
2009,"NEW_MEXICO","230.0296",4,"Mathematics"
2009,"NEW_MEXICO","207.6457",4,"Reading"
2009,"NEW_MEXICO","269.7043",8,"Mathematics"
2009,"NEW_MEXICO","254.1292",8,"Reading"
2009,"NEW_YORK","240.6411",4,"Mathematics"
2009,"NEW_YORK","224.3687",4,"Reading"
2009,"NEW_YORK","282.5769",8,"Mathematics"
2009,"NEW_YORK","264.2881",8,"Reading"
2009,"NORTH_CAROLINA","243.7785",4,"Mathematics"
2009,"NORTH_CAROLINA","219.296",4,"Reading"
2009,"NORTH_CAROLINA","284.3326",8,"Mathematics"
2009,"NORTH_CAROLINA","259.5285",8,"Reading"
2009,"NORTH_DAKOTA","245.1895",4,"Mathematics"
2009,"NORTH_DAKOTA","225.9675",4,"Reading"
2009,"NORTH_DAKOTA","292.8425",8,"Mathematics"
2009,"NORTH_DAKOTA","269.24",8,"Reading"
2009,"OHIO","243.6876",4,"Mathematics"
2009,"OHIO","224.5322",4,"Reading"
2009,"OHIO","285.583",8,"Mathematics"
2009,"OHIO","268.6782",8,"Reading"
2009,"OKLAHOMA","236.781",4,"Mathematics"
2009,"OKLAHOMA","217.1906",4,"Reading"
2009,"OKLAHOMA","275.712",8,"Mathematics"
2009,"OKLAHOMA","259.4958",8,"Reading"
2009,"OREGON","238.0323",4,"Mathematics"
2009,"OREGON","218.1423",4,"Reading"
2009,"OREGON","285.0368",8,"Mathematics"
2009,"OREGON","265.0892",8,"Reading"
2009,"PENNSYLVANIA","243.5879",4,"Mathematics"
2009,"PENNSYLVANIA","223.6794",4,"Reading"
2009,"PENNSYLVANIA","288.3042",8,"Mathematics"
2009,"PENNSYLVANIA","270.7005",8,"Reading"
2009,"RHODE_ISLAND","238.7669",4,"Mathematics"
2009,"RHODE_ISLAND","222.7049",4,"Reading"
2009,"RHODE_ISLAND","277.9237",8,"Mathematics"
2009,"RHODE_ISLAND","259.8856",8,"Reading"
2009,"SOUTH_CAROLINA","235.6683",4,"Mathematics"
2009,"SOUTH_CAROLINA","215.9423",4,"Reading"
2009,"SOUTH_CAROLINA","280.3809",8,"Mathematics"
2009,"SOUTH_CAROLINA","257.2742",8,"Reading"
2009,"SOUTH_DAKOTA","242.0978",4,"Mathematics"
2009,"SOUTH_DAKOTA","222.1666",4,"Reading"
2009,"SOUTH_DAKOTA","290.6191",8,"Mathematics"
2009,"SOUTH_DAKOTA","270.061",8,"Reading"
2009,"TENNESSEE","231.8255",4,"Mathematics"
2009,"TENNESSEE","216.7378",4,"Reading"
2009,"TENNESSEE","274.7618",8,"Mathematics"
2009,"TENNESSEE","260.9467",8,"Reading"
2009,"TEXAS","240.4646",4,"Mathematics"
2009,"TEXAS","218.8583",4,"Reading"
2009,"TEXAS","286.6851",8,"Mathematics"
2009,"TEXAS","260.3688",8,"Reading"
2009,"UTAH","240.3187",4,"Mathematics"
2009,"UTAH","219.2041",4,"Reading"
2009,"UTAH","284.0683",8,"Mathematics"
2009,"UTAH","265.5916",8,"Reading"
2009,"VERMONT","247.7672",4,"Mathematics"
2009,"VERMONT","228.7358",4,"Reading"
2009,"VERMONT","292.8661",8,"Mathematics"
2009,"VERMONT","272.3051",8,"Reading"
2009,"VIRGINIA","243.0713",4,"Mathematics"
2009,"VIRGINIA","226.5276",4,"Reading"
2009,"VIRGINIA","286.0698",8,"Mathematics"
2009,"VIRGINIA","265.642",8,"Reading"
2009,"WASHINGTON","242.2571",4,"Mathematics"
2009,"WASHINGTON","221.3301",4,"Reading"
2009,"WASHINGTON","288.7224",8,"Mathematics"
2009,"WASHINGTON","266.9176",8,"Reading"
2009,"WEST_VIRGINIA","232.9831",4,"Mathematics"
2009,"WEST_VIRGINIA","214.5202",4,"Reading"
2009,"WEST_VIRGINIA","270.4158",8,"Mathematics"
2009,"WEST_VIRGINIA","254.7997",8,"Reading"
2009,"WISCONSIN","243.5853",4,"Mathematics"
2009,"WISCONSIN","220.1355",4,"Reading"
2009,"WISCONSIN","288.1407",8,"Mathematics"
2009,"WISCONSIN","265.8126",8,"Reading"
2009,"WYOMING","242.0092",4,"Mathematics"
2009,"WYOMING","222.6522",4,"Reading"
2009,"WYOMING","286.104",8,"Mathematics"
2009,"WYOMING","268.1594",8,"Reading"
2011,"ALABAMA","231.286",4,"Mathematics"
2011,"ALABAMA","220.2734",4,"Reading"
2011,"ALABAMA","269.0965",8,"Mathematics"
2011,"ALABAMA","258.4211",8,"Reading"
2011,"ALASKA","236.3597",4,"Mathematics"
2011,"ALASKA","207.9237",4,"Reading"
2011,"ALASKA","283.2728",8,"Mathematics"
2011,"ALASKA","261.2853",8,"Reading"
2011,"ARIZONA","235.1576",4,"Mathematics"
2011,"ARIZONA","212.395",4,"Reading"
2011,"ARIZONA","279.0335",8,"Mathematics"
2011,"ARIZONA","260.148",8,"Reading"
2011,"ARKANSAS","237.8102",4,"Mathematics"
2011,"ARKANSAS","216.5149",4,"Reading"
2011,"ARKANSAS","279.0882",8,"Mathematics"
2011,"ARKANSAS","259.1409",8,"Reading"
2011,"CALIFORNIA","234.165",4,"Mathematics"
2011,"CALIFORNIA","211.3586",4,"Reading"
2011,"CALIFORNIA","272.7698",8,"Mathematics"
2011,"CALIFORNIA","254.9352",8,"Reading"
2011,"COLORADO","244.4561",4,"Mathematics"
2011,"COLORADO","223.4338",4,"Reading"
2011,"COLORADO","291.7427",8,"Mathematics"
2011,"COLORADO","270.6362",8,"Reading"
2011,"CONNECTICUT","242.4134",4,"Mathematics"
2011,"CONNECTICUT","227.4273",4,"Reading"
2011,"CONNECTICUT","286.9999",8,"Mathematics"
2011,"CONNECTICUT","274.6814",8,"Reading"
2011,"DELAWARE","240.3598",4,"Mathematics"
2011,"DELAWARE","225.1305",4,"Reading"
2011,"DELAWARE","282.77",8,"Mathematics"
2011,"DELAWARE","265.8395",8,"Reading"
2011,"DISTRICT_OF_COLUMBIA","221.8083",4,"Mathematics"
2011,"DISTRICT_OF_COLUMBIA","200.628",4,"Reading"
2011,"DISTRICT_OF_COLUMBIA","260.4669",8,"Mathematics"
2011,"DISTRICT_OF_COLUMBIA","242.0564",8,"Reading"
2011,"DODEA","272.35",8,"Reading"
2011,"FLORIDA","239.8265",4,"Mathematics"
2011,"FLORIDA","224.5286",4,"Reading"
2011,"FLORIDA","277.837",8,"Mathematics"
2011,"FLORIDA","262.1214",8,"Reading"
2011,"GEORGIA","238.3665",4,"Mathematics"
2011,"GEORGIA","220.8107",4,"Reading"
2011,"GEORGIA","278.4836",8,"Mathematics"
2011,"GEORGIA","262.3586",8,"Reading"
2011,"HAWAII","238.8219",4,"Mathematics"
2011,"HAWAII","213.6146",4,"Reading"
2011,"HAWAII","277.8362",8,"Mathematics"
2011,"HAWAII","257.188",8,"Reading"
2011,"IDAHO","240.3288",4,"Mathematics"
2011,"IDAHO","220.8298",4,"Reading"
2011,"IDAHO","286.6751",8,"Mathematics"
2011,"IDAHO","268.0147",8,"Reading"
2011,"ILLINOIS","238.8369",4,"Mathematics"
2011,"ILLINOIS","219.3575",4,"Reading"
2011,"ILLINOIS","283.2281",8,"Mathematics"
2011,"ILLINOIS","265.6437",8,"Reading"
2011,"INDIANA","243.8369",4,"Mathematics"
2011,"INDIANA","220.7313",4,"Reading"
2011,"INDIANA","285.0029",8,"Mathematics"
2011,"INDIANA","264.7298",8,"Reading"
2011,"IOWA","242.6049",4,"Mathematics"
2011,"IOWA","220.7074",4,"Reading"
2011,"IOWA","284.9208",8,"Mathematics"
2011,"IOWA","264.5545",8,"Reading"
2011,"KANSAS","246.2553",4,"Mathematics"
2011,"KANSAS","223.5651",4,"Reading"
2011,"KANSAS","289.6193",8,"Mathematics"
2011,"KANSAS","267.3364",8,"Reading"
2011,"KENTUCKY","240.8307",4,"Mathematics"
2011,"KENTUCKY","225.1351",4,"Reading"
2011,"KENTUCKY","281.6088",8,"Mathematics"
2011,"KENTUCKY","268.834",8,"Reading"
2011,"LOUISIANA","230.7789",4,"Mathematics"
2011,"LOUISIANA","210.4107",4,"Reading"
2011,"LOUISIANA","272.8433",8,"Mathematics"
2011,"LOUISIANA","254.6883",8,"Reading"
2011,"MAINE","244.257",4,"Mathematics"
2011,"MAINE","222.0373",4,"Reading"
2011,"MAINE","288.7323",8,"Mathematics"
2011,"MAINE","269.8724",8,"Reading"
2011,"MARYLAND","247.1066",4,"Mathematics"
2011,"MARYLAND","230.7828",4,"Reading"
2011,"MARYLAND","287.9978",8,"Mathematics"
2011,"MARYLAND","271.2229",8,"Reading"
2011,"MASSACHUSETTS","253.3965",4,"Mathematics"
2011,"MASSACHUSETTS","236.7739",4,"Reading"
2011,"MASSACHUSETTS","298.5124",8,"Mathematics"
2011,"MASSACHUSETTS","275.3685",8,"Reading"
2011,"MICHIGAN","236.4022",4,"Mathematics"
2011,"MICHIGAN","218.8608",4,"Reading"
2011,"MICHIGAN","280.1765",8,"Mathematics"
2011,"MICHIGAN","265.194",8,"Reading"
2011,"MINNESOTA","249.1867",4,"Mathematics"
2011,"MINNESOTA","222.3087",4,"Reading"
2011,"MINNESOTA","294.9464",8,"Mathematics"
2011,"MINNESOTA","270.149",8,"Reading"
2011,"MISSISSIPPI","229.868",4,"Mathematics"
2011,"MISSISSIPPI","209.188",4,"Reading"
2011,"MISSISSIPPI","269.2356",8,"Mathematics"
2011,"MISSISSIPPI","253.8334",8,"Reading"
2011,"MISSOURI","240.4948",4,"Mathematics"
2011,"MISSOURI","220.3462",4,"Reading"
2011,"MISSOURI","281.9476",8,"Mathematics"
2011,"MISSOURI","266.7621",8,"Reading"
2011,"MONTANA","243.7966",4,"Mathematics"
2011,"MONTANA","225.1442",4,"Reading"
2011,"MONTANA","292.9078",8,"Mathematics"
2011,"MONTANA","272.8741",8,"Reading"
2011,"NEBRASKA","239.8033",4,"Mathematics"
2011,"NEBRASKA","223.3117",4,"Reading"
2011,"NEBRASKA","283.197",8,"Mathematics"
2011,"NEBRASKA","267.7039",8,"Reading"
2011,"NEVADA","237.0319",4,"Mathematics"
2011,"NEVADA","212.5752",4,"Reading"
2011,"NEVADA","278.1132",8,"Mathematics"
2011,"NEVADA","258.1933",8,"Reading"
2011,"NEW_HAMPSHIRE","251.7788",4,"Mathematics"
2011,"NEW_HAMPSHIRE","230.3927",4,"Reading"
2011,"NEW_HAMPSHIRE","292.1087",8,"Mathematics"
2011,"NEW_HAMPSHIRE","272.0786",8,"Reading"
2011,"NEW_JERSEY","248.0042",4,"Mathematics"
2011,"NEW_JERSEY","231.2376",4,"Reading"
2011,"NEW_JERSEY","294.1388",8,"Mathematics"
2011,"NEW_JERSEY","275.1832",8,"Reading"
2011,"NEW_MEXICO","232.8404",4,"Mathematics"
2011,"NEW_MEXICO","208.0141",4,"Reading"
2011,"NEW_MEXICO","274.4547",8,"Mathematics"
2011,"NEW_MEXICO","255.8616",8,"Reading"
2011,"NEW_YORK","237.5199",4,"Mathematics"
2011,"NEW_YORK","222.4938",4,"Reading"
2011,"NEW_YORK","280.453",8,"Mathematics"
2011,"NEW_YORK","265.697",8,"Reading"
2011,"NORTH_CAROLINA","244.5179",4,"Mathematics"
2011,"NORTH_CAROLINA","221.357",4,"Reading"
2011,"NORTH_CAROLINA","286.267",8,"Mathematics"
2011,"NORTH_CAROLINA","262.929",8,"Reading"
2011,"NORTH_DAKOTA","245.1564",4,"Mathematics"
2011,"NORTH_DAKOTA","225.5775",4,"Reading"
2011,"NORTH_DAKOTA","291.9984",8,"Mathematics"
2011,"NORTH_DAKOTA","268.6942",8,"Reading"
2011,"OHIO","244.0386",4,"Mathematics"
2011,"OHIO","223.8282",4,"Reading"
2011,"OHIO","288.6026",8,"Mathematics"
2011,"OHIO","268.2839",8,"Reading"
2011,"OKLAHOMA","237.4291",4,"Mathematics"
2011,"OKLAHOMA","215.4776",4,"Reading"
2011,"OKLAHOMA","279.1796",8,"Mathematics"
2011,"OKLAHOMA","260.1213",8,"Reading"
2011,"OREGON","236.9145",4,"Mathematics"
2011,"OREGON","216.4402",4,"Reading"
2011,"OREGON","282.5182",8,"Mathematics"
2011,"OREGON","264.2256",8,"Reading"
2011,"PENNSYLVANIA","245.6549",4,"Mathematics"
2011,"PENNSYLVANIA","227.2365",4,"Reading"
2011,"PENNSYLVANIA","286.1027",8,"Mathematics"
2011,"PENNSYLVANIA","267.7506",8,"Reading"
2011,"RHODE_ISLAND","241.6248",4,"Mathematics"
2011,"RHODE_ISLAND","222.4816",4,"Reading"
2011,"RHODE_ISLAND","282.8757",8,"Mathematics"
2011,"RHODE_ISLAND","265.1196",8,"Reading"
2011,"SOUTH_CAROLINA","237.303",4,"Mathematics"
2011,"SOUTH_CAROLINA","214.8998",4,"Reading"
2011,"SOUTH_CAROLINA","281.0001",8,"Mathematics"
2011,"SOUTH_CAROLINA","260.307",8,"Reading"
2011,"SOUTH_DAKOTA","240.9798",4,"Mathematics"
2011,"SOUTH_DAKOTA","219.8144",4,"Reading"
2011,"SOUTH_DAKOTA","290.6152",8,"Mathematics"
2011,"SOUTH_DAKOTA","268.9415",8,"Reading"
2011,"TENNESSEE","232.9011",4,"Mathematics"
2011,"TENNESSEE","214.6402",4,"Reading"
2011,"TENNESSEE","274.0387",8,"Mathematics"
2011,"TENNESSEE","259.2084",8,"Reading"
2011,"TEXAS","241.1018",4,"Mathematics"
2011,"TEXAS","218.3208",4,"Reading"
2011,"TEXAS","290.3467",8,"Mathematics"
2011,"TEXAS","261.4284",8,"Reading"
2011,"UTAH","242.5375",4,"Mathematics"
2011,"UTAH","220.416",4,"Reading"
2011,"UTAH","283.3083",8,"Mathematics"
2011,"UTAH","267.0874",8,"Reading"
2011,"VERMONT","246.6397",4,"Mathematics"
2011,"VERMONT","226.7716",4,"Reading"
2011,"VERMONT","293.8826",8,"Mathematics"
2011,"VERMONT","273.8408",8,"Reading"
2011,"VIRGINIA","245.3336",4,"Mathematics"
2011,"VIRGINIA","226.3784",4,"Reading"
2011,"VIRGINIA","289.2554",8,"Mathematics"
2011,"VIRGINIA","267.2729",8,"Reading"
2011,"WASHINGTON","243.1829",4,"Mathematics"
2011,"WASHINGTON","220.5288",4,"Reading"
2011,"WASHINGTON","288.1078",8,"Mathematics"
2011,"WASHINGTON","267.5775",8,"Reading"
2011,"WEST_VIRGINIA","234.6558",4,"Mathematics"
2011,"WEST_VIRGINIA","214.386",4,"Reading"
2011,"WEST_VIRGINIA","273.2632",8,"Mathematics"
2011,"WEST_VIRGINIA","256.1069",8,"Reading"
2011,"WISCONSIN","244.6919",4,"Mathematics"
2011,"WISCONSIN","221.2399",4,"Reading"
2011,"WISCONSIN","288.6659",8,"Mathematics"
2011,"WISCONSIN","267.167",8,"Reading"
2011,"WYOMING","243.8744",4,"Mathematics"
2011,"WYOMING","224.0623",4,"Reading"
2011,"WYOMING","287.7679",8,"Mathematics"
2011,"WYOMING","269.5687",8,"Reading"
2013,"ALABAMA","232.8613",4,"Mathematics"
2013,"ALABAMA","218.576",4,"Reading"
2013,"ALABAMA","269.1943",8,"Mathematics"
2013,"ALABAMA","257.4278",8,"Reading"
2013,"ALASKA","236.122",4,"Mathematics"
2013,"ALASKA","209.3473",4,"Reading"
2013,"ALASKA","281.5596",8,"Mathematics"
2013,"ALASKA","261.2561",8,"Reading"
2013,"ARIZONA","240.3049",4,"Mathematics"
2013,"ARIZONA","213.1341",4,"Reading"
2013,"ARIZONA","279.7223",8,"Mathematics"
2013,"ARIZONA","260.4483",8,"Reading"
2013,"ARKANSAS","239.8905",4,"Mathematics"
2013,"ARKANSAS","218.5239",4,"Reading"
2013,"ARKANSAS","277.9148",8,"Mathematics"
2013,"ARKANSAS","261.9645",8,"Reading"
2013,"CALIFORNIA","233.6545",4,"Mathematics"
2013,"CALIFORNIA","212.546",4,"Reading"
2013,"CALIFORNIA","275.9014",8,"Mathematics"
2013,"CALIFORNIA","261.5025",8,"Reading"
2013,"COLORADO","246.9757",4,"Mathematics"
2013,"COLORADO","226.6632",4,"Reading"
2013,"COLORADO","289.6818",8,"Mathematics"
2013,"COLORADO","271.0091",8,"Reading"
2013,"CONNECTICUT","243.4403",4,"Mathematics"
2013,"CONNECTICUT","229.5816",4,"Reading"
2013,"CONNECTICUT","285.244",8,"Mathematics"
2013,"CONNECTICUT","274.4595",8,"Reading"
2013,"DELAWARE","243.1078",4,"Mathematics"
2013,"DELAWARE","225.7717",4,"Reading"
2013,"DELAWARE","282.3383",8,"Mathematics"
2013,"DELAWARE","265.985",8,"Reading"
2013,"DISTRICT_OF_COLUMBIA","228.5673",4,"Mathematics"
2013,"DISTRICT_OF_COLUMBIA","205.6139",4,"Reading"
2013,"DISTRICT_OF_COLUMBIA","265.2594",8,"Mathematics"
2013,"DISTRICT_OF_COLUMBIA","247.7392",8,"Reading"
2013,"DODEA","276.9944",8,"Reading"
2013,"FLORIDA","241.6758",4,"Mathematics"
2013,"FLORIDA","227.4632",4,"Reading"
2013,"FLORIDA","280.8558",8,"Mathematics"
2013,"FLORIDA","265.8283",8,"Reading"
2013,"GEORGIA","240.0472",4,"Mathematics"
2013,"GEORGIA","221.8367",4,"Reading"
2013,"GEORGIA","279.1791",8,"Mathematics"
2013,"GEORGIA","264.6157",8,"Reading"
2013,"HAWAII","243.3086",4,"Mathematics"
2013,"HAWAII","214.8439",4,"Reading"
2013,"HAWAII","281.4129",8,"Mathematics"
2013,"HAWAII","259.9606",8,"Reading"
2013,"IDAHO","240.722",4,"Mathematics"
2013,"IDAHO","219.303",4,"Reading"
2013,"IDAHO","286.4139",8,"Mathematics"
2013,"IDAHO","270.2242",8,"Reading"
2013,"ILLINOIS","239.0002",4,"Mathematics"
2013,"ILLINOIS","218.5402",4,"Reading"
2013,"ILLINOIS","284.8976",8,"Mathematics"
2013,"ILLINOIS","266.8987",8,"Reading"
2013,"INDIANA","248.5968",4,"Mathematics"
2013,"INDIANA","225.3323",4,"Reading"
2013,"INDIANA","287.7677",8,"Mathematics"
2013,"INDIANA","267.273",8,"Reading"
2013,"IOWA","245.7935",4,"Mathematics"
2013,"IOWA","223.8158",4,"Reading"
2013,"IOWA","285.0701",8,"Mathematics"
2013,"IOWA","269.0034",8,"Reading"
2013,"KANSAS","246.1857",4,"Mathematics"
2013,"KANSAS","223.3864",4,"Reading"
2013,"KANSAS","289.5183",8,"Mathematics"
2013,"KANSAS","266.8875",8,"Reading"
2013,"KENTUCKY","241.4699",4,"Mathematics"
2013,"KENTUCKY","224.4275",4,"Reading"
2013,"KENTUCKY","280.6454",8,"Mathematics"
2013,"KENTUCKY","269.6165",8,"Reading"
2013,"LOUISIANA","231.3663",4,"Mathematics"
2013,"LOUISIANA","210.455",4,"Reading"
2013,"LOUISIANA","272.761",8,"Mathematics"
2013,"LOUISIANA","257.3512",8,"Reading"
2013,"MAINE","245.847",4,"Mathematics"
2013,"MAINE","224.8333",4,"Reading"
2013,"MAINE","288.7312",8,"Mathematics"
2013,"MAINE","269.1938",8,"Reading"
2013,"MARYLAND","245.1694",4,"Mathematics"
2013,"MARYLAND","232.056",4,"Reading"
2013,"MARYLAND","286.6414",8,"Mathematics"
2013,"MARYLAND","273.8019",8,"Reading"
2013,"MASSACHUSETTS","253.0338",4,"Mathematics"
2013,"MASSACHUSETTS","232.3732",4,"Reading"
2013,"MASSACHUSETTS","300.5682",8,"Mathematics"
2013,"MASSACHUSETTS","277.0096",8,"Reading"
2013,"MICHIGAN","236.8198",4,"Mathematics"
2013,"MICHIGAN","217.3652",4,"Reading"
2013,"MICHIGAN","280.1336",8,"Mathematics"
2013,"MICHIGAN","265.943",8,"Reading"
2013,"MINNESOTA","253.421",4,"Mathematics"
2013,"MINNESOTA","227.0307",4,"Reading"
2013,"MINNESOTA","294.593",8,"Mathematics"
2013,"MINNESOTA","271.0197",8,"Reading"
2013,"MISSISSIPPI","231.1057",4,"Mathematics"
2013,"MISSISSIPPI","208.5185",4,"Reading"
2013,"MISSISSIPPI","271.161",8,"Mathematics"
2013,"MISSISSIPPI","253.1478",8,"Reading"
2013,"MISSOURI","239.5484",4,"Mathematics"
2013,"MISSOURI","222.3342",4,"Reading"
2013,"MISSOURI","282.9885",8,"Mathematics"
2013,"MISSOURI","267.215",8,"Reading"
2013,"MONTANA","243.6989",4,"Mathematics"
2013,"MONTANA","222.9827",4,"Reading"
2013,"MONTANA","289.2285",8,"Mathematics"
2013,"MONTANA","271.7658",8,"Reading"
2013,"NEBRASKA","243.1579",4,"Mathematics"
2013,"NEBRASKA","223.2528",4,"Reading"
2013,"NEBRASKA","285.0613",8,"Mathematics"
2013,"NEBRASKA","269.2219",8,"Reading"
2013,"NEVADA","236.2629",4,"Mathematics"
2013,"NEVADA","213.7553",4,"Reading"
2013,"NEVADA","278.2867",8,"Mathematics"
2013,"NEVADA","261.696",8,"Reading"
2013,"NEW_HAMPSHIRE","252.9935",4,"Mathematics"
2013,"NEW_HAMPSHIRE","231.9984",4,"Reading"
2013,"NEW_HAMPSHIRE","295.6651",8,"Mathematics"
2013,"NEW_HAMPSHIRE","274.3077",8,"Reading"
2013,"NEW_JERSEY","246.8709",4,"Mathematics"
2013,"NEW_JERSEY","228.7197",4,"Reading"
2013,"NEW_JERSEY","296.0534",8,"Mathematics"
2013,"NEW_JERSEY","276.378",8,"Reading"
2013,"NEW_MEXICO","232.7814",4,"Mathematics"
2013,"NEW_MEXICO","205.7564",4,"Reading"
2013,"NEW_MEXICO","272.7618",8,"Mathematics"
2013,"NEW_MEXICO","255.8701",8,"Reading"
2013,"NEW_YORK","240.3498",4,"Mathematics"
2013,"NEW_YORK","223.8134",4,"Reading"
2013,"NEW_YORK","281.8078",8,"Mathematics"
2013,"NEW_YORK","266.3461",8,"Reading"
2013,"NORTH_CAROLINA","244.8017",4,"Mathematics"
2013,"NORTH_CAROLINA","222.2277",4,"Reading"
2013,"NORTH_CAROLINA","285.6454",8,"Mathematics"
2013,"NORTH_CAROLINA","264.541",8,"Reading"
2013,"NORTH_DAKOTA","246.4248",4,"Mathematics"
2013,"NORTH_DAKOTA","224.0834",4,"Reading"
2013,"NORTH_DAKOTA","290.5151",8,"Mathematics"
2013,"NORTH_DAKOTA","267.7792",8,"Reading"
2013,"OHIO","245.5498",4,"Mathematics"
2013,"OHIO","223.8877",4,"Reading"
2013,"OHIO","289.5281",8,"Mathematics"
2013,"OHIO","269.087",8,"Reading"
2013,"OKLAHOMA","238.9219",4,"Mathematics"
2013,"OKLAHOMA","216.9889",4,"Reading"
2013,"OKLAHOMA","275.5067",8,"Mathematics"
2013,"OKLAHOMA","261.9315",8,"Reading"
2013,"OREGON","240.0993",4,"Mathematics"
2013,"OREGON","219.1327",4,"Reading"
2013,"OREGON","283.5246",8,"Mathematics"
2013,"OREGON","268.2827",8,"Reading"
2013,"PENNSYLVANIA","244.0126",4,"Mathematics"
2013,"PENNSYLVANIA","226.4023",4,"Reading"
2013,"PENNSYLVANIA","289.6237",8,"Mathematics"
2013,"PENNSYLVANIA","272.0854",8,"Reading"
2013,"RHODE_ISLAND","241.4167",4,"Mathematics"
2013,"RHODE_ISLAND","222.8022",4,"Reading"
2013,"RHODE_ISLAND","284.0922",8,"Mathematics"
2013,"RHODE_ISLAND","266.6771",8,"Reading"
2013,"SOUTH_CAROLINA","236.6259",4,"Mathematics"
2013,"SOUTH_CAROLINA","213.6465",4,"Reading"
2013,"SOUTH_CAROLINA","279.8246",8,"Mathematics"
2013,"SOUTH_CAROLINA","261.4491",8,"Reading"
2013,"SOUTH_DAKOTA","240.9811",4,"Mathematics"
2013,"SOUTH_DAKOTA","217.9307",4,"Reading"
2013,"SOUTH_DAKOTA","287.2704",8,"Mathematics"
2013,"SOUTH_DAKOTA","268.1008",8,"Reading"
2013,"TENNESSEE","239.7748",4,"Mathematics"
2013,"TENNESSEE","219.7354",4,"Reading"
2013,"TENNESSEE","277.7201",8,"Mathematics"
2013,"TENNESSEE","265.3595",8,"Reading"
2013,"TEXAS","241.9263",4,"Mathematics"
2013,"TEXAS","216.9096",4,"Reading"
2013,"TEXAS","288.199",8,"Mathematics"
2013,"TEXAS","263.6841",8,"Reading"
2013,"UTAH","242.8207",4,"Mathematics"
2013,"UTAH","222.7676",4,"Reading"
2013,"UTAH","284.3315",8,"Mathematics"
2013,"UTAH","270.0419",8,"Reading"
2013,"VERMONT","247.8033",4,"Mathematics"
2013,"VERMONT","227.9865",4,"Reading"
2013,"VERMONT","295.4696",8,"Mathematics"
2013,"VERMONT","274.3685",8,"Reading"
2013,"VIRGINIA","246.1775",4,"Mathematics"
2013,"VIRGINIA","228.5557",4,"Reading"
2013,"VIRGINIA","288.143",8,"Mathematics"
2013,"VIRGINIA","267.5899",8,"Reading"
2013,"WASHINGTON","246.2883",4,"Mathematics"
2013,"WASHINGTON","225.0489",4,"Reading"
2013,"WASHINGTON","289.957",8,"Mathematics"
2013,"WASHINGTON","272.0361",8,"Reading"
2013,"WEST_VIRGINIA","237.4406",4,"Mathematics"
2013,"WEST_VIRGINIA","214.6634",4,"Reading"
2013,"WEST_VIRGINIA","274.4301",8,"Mathematics"
2013,"WEST_VIRGINIA","257.3835",8,"Reading"
2013,"WISCONSIN","244.7063",4,"Mathematics"
2013,"WISCONSIN","220.8181",4,"Reading"
2013,"WISCONSIN","288.7458",8,"Mathematics"
2013,"WISCONSIN","267.543",8,"Reading"
2013,"WYOMING","246.5224",4,"Mathematics"
2013,"WYOMING","225.849",4,"Reading"
2013,"WYOMING","288.1191",8,"Mathematics"
2013,"WYOMING","270.9662",8,"Reading"
2015,"ALABAMA","230.9774",4,"Mathematics"
2015,"ALABAMA","217.0491",4,"Reading"
2015,"ALABAMA","266.5553",8,"Mathematics"
2015,"ALABAMA","258.7538",8,"Reading"
2015,"ALASKA","236.3284",4,"Mathematics"
2015,"ALASKA","212.7926",4,"Reading"
2015,"ALASKA","280.4935",8,"Mathematics"
2015,"ALASKA","260.317",8,"Reading"
2015,"ARIZONA","237.6118",4,"Mathematics"
2015,"ARIZONA","215.3113",4,"Reading"
2015,"ARIZONA","282.9195",8,"Mathematics"
2015,"ARIZONA","262.7694",8,"Reading"
2015,"ARKANSAS","235.2155",4,"Mathematics"
2015,"ARKANSAS","218.0775",4,"Reading"
2015,"ARKANSAS","275.0648",8,"Mathematics"
2015,"ARKANSAS","258.7683",8,"Reading"
2015,"CALIFORNIA","231.5493",4,"Mathematics"
2015,"CALIFORNIA","212.6779",4,"Reading"
2015,"CALIFORNIA","275.3246",8,"Mathematics"
2015,"CALIFORNIA","258.9868",8,"Reading"
2015,"COLORADO","241.5636",4,"Mathematics"
2015,"COLORADO","224.0232",4,"Reading"
2015,"COLORADO","285.5392",8,"Mathematics"
2015,"COLORADO","268.0732",8,"Reading"
2015,"CONNECTICUT","240.1595",4,"Mathematics"
2015,"CONNECTICUT","228.9475",4,"Reading"
2015,"CONNECTICUT","283.9567",8,"Mathematics"
2015,"CONNECTICUT","273.048",8,"Reading"
2015,"DELAWARE","238.678",4,"Mathematics"
2015,"DELAWARE","223.6987",4,"Reading"
2015,"DELAWARE","279.8102",8,"Mathematics"
2015,"DELAWARE","262.6133",8,"Reading"
2015,"DISTRICT_OF_COLUMBIA","231.3075",4,"Mathematics"
2015,"DISTRICT_OF_COLUMBIA","212.3053",4,"Reading"
2015,"DISTRICT_OF_COLUMBIA","263.0598",8,"Mathematics"
2015,"DISTRICT_OF_COLUMBIA","247.6534",8,"Reading"
2015,"DODEA","277.1914",8,"Reading"
2015,"FLORIDA","242.6643",4,"Mathematics"
2015,"FLORIDA","227.189",4,"Reading"
2015,"FLORIDA","275.3238",8,"Mathematics"
2015,"FLORIDA","263.383",8,"Reading"
2015,"GEORGIA","236.4525",4,"Mathematics"
2015,"GEORGIA","222.0135",4,"Reading"
2015,"GEORGIA","278.7118",8,"Mathematics"
2015,"GEORGIA","262.2686",8,"Reading"
2015,"HAWAII","237.8958",4,"Mathematics"
2015,"HAWAII","215.1243",4,"Reading"
2015,"HAWAII","279.3401",8,"Mathematics"
2015,"HAWAII","257.3504",8,"Reading"
2015,"IDAHO","238.7996",4,"Mathematics"
2015,"IDAHO","221.6901",4,"Reading"
2015,"IDAHO","283.7423",8,"Mathematics"
2015,"IDAHO","268.5535",8,"Reading"
2015,"ILLINOIS","237.3078",4,"Mathematics"
2015,"ILLINOIS","222.0223",4,"Reading"
2015,"ILLINOIS","281.9686",8,"Mathematics"
2015,"ILLINOIS","266.8067",8,"Reading"
2015,"INDIANA","247.6522",4,"Mathematics"
2015,"INDIANA","227.2789",4,"Reading"
2015,"INDIANA","287.1752",8,"Mathematics"
2015,"INDIANA","268.2535",8,"Reading"
2015,"IOWA","243.3399",4,"Mathematics"
2015,"IOWA","223.6294",4,"Reading"
2015,"IOWA","286.4162",8,"Mathematics"
2015,"IOWA","268.2006",8,"Reading"
2015,"KANSAS","241.0672",4,"Mathematics"
2015,"KANSAS","221.0899",4,"Reading"
2015,"KANSAS","283.8711",8,"Mathematics"
2015,"KANSAS","266.7655",8,"Reading"
2015,"KENTUCKY","241.7278",4,"Mathematics"
2015,"KENTUCKY","228.0552",4,"Reading"
2015,"KENTUCKY","277.9473",8,"Mathematics"
2015,"KENTUCKY","267.7729",8,"Reading"
2015,"LOUISIANA","234.2819",4,"Mathematics"
2015,"LOUISIANA","216.1993",4,"Reading"
2015,"LOUISIANA","268.4324",8,"Mathematics"
2015,"LOUISIANA","255.4694",8,"Reading"
2015,"MAINE","242.2447",4,"Mathematics"
2015,"MAINE","223.7286",4,"Reading"
2015,"MAINE","284.8755",8,"Mathematics"
2015,"MAINE","268.3912",8,"Reading"
2015,"MARYLAND","239.4998",4,"Mathematics"
2015,"MARYLAND","222.9442",4,"Reading"
2015,"MARYLAND","283.149",8,"Mathematics"
2015,"MARYLAND","267.9055",8,"Reading"
2015,"MASSACHUSETTS","250.5658",4,"Mathematics"
2015,"MASSACHUSETTS","235.2754",4,"Reading"
2015,"MASSACHUSETTS","296.9086",8,"Mathematics"
2015,"MASSACHUSETTS","274.4976",8,"Reading"
2015,"MICHIGAN","235.7289",4,"Mathematics"
2015,"MICHIGAN","216.3066",4,"Reading"
2015,"MICHIGAN","278.1687",8,"Mathematics"
2015,"MICHIGAN","264.4968",8,"Reading"
2015,"MINNESOTA","249.5758",4,"Mathematics"
2015,"MINNESOTA","223.3529",4,"Reading"
2015,"MINNESOTA","294.1478",8,"Mathematics"
2015,"MINNESOTA","270.2368",8,"Reading"
2015,"MISSISSIPPI","234.2431",4,"Mathematics"
2015,"MISSISSIPPI","214.1107",4,"Reading"
2015,"MISSISSIPPI","270.5805",8,"Mathematics"
2015,"MISSISSIPPI","251.9762",8,"Reading"
2015,"MISSOURI","238.9649",4,"Mathematics"
2015,"MISSOURI","222.7255",4,"Reading"
2015,"MISSOURI","280.8214",8,"Mathematics"
2015,"MISSOURI","266.8764",8,"Reading"
2015,"MONTANA","241.287",4,"Mathematics"
2015,"MONTANA","224.7574",4,"Reading"
2015,"MONTANA","287.464",8,"Mathematics"
2015,"MONTANA","269.9568",8,"Reading"
2015,"NEBRASKA","243.8637",4,"Mathematics"
2015,"NEBRASKA","226.6346",4,"Reading"
2015,"NEBRASKA","286.4986",8,"Mathematics"
2015,"NEBRASKA","269.4262",8,"Reading"
2015,"NEVADA","233.827",4,"Mathematics"
2015,"NEVADA","214.4256",4,"Reading"
2015,"NEVADA","275.1719",8,"Mathematics"
2015,"NEVADA","259.4174",8,"Reading"
2015,"NEW_HAMPSHIRE","249.1506",4,"Mathematics"
2015,"NEW_HAMPSHIRE","231.9498",4,"Reading"
2015,"NEW_HAMPSHIRE","294.413",8,"Mathematics"
2015,"NEW_HAMPSHIRE","274.8067",8,"Reading"
2015,"NEW_JERSEY","245.3832",4,"Mathematics"
2015,"NEW_JERSEY","229.4877",4,"Reading"
2015,"NEW_JERSEY","293.3659",8,"Mathematics"
2015,"NEW_JERSEY","270.8537",8,"Reading"
2015,"NEW_MEXICO","231.1672",4,"Mathematics"
2015,"NEW_MEXICO","207.2404",4,"Reading"
2015,"NEW_MEXICO","270.8975",8,"Mathematics"
2015,"NEW_MEXICO","253.2278",8,"Reading"
2015,"NEW_YORK","236.7969",4,"Mathematics"
2015,"NEW_YORK","222.6463",4,"Reading"
2015,"NEW_YORK","280.0892",8,"Mathematics"
2015,"NEW_YORK","263.2477",8,"Reading"
2015,"NORTH_CAROLINA","243.7423",4,"Mathematics"
2015,"NORTH_CAROLINA","225.8106",4,"Reading"
2015,"NORTH_CAROLINA","281.3311",8,"Mathematics"
2015,"NORTH_CAROLINA","260.5946",8,"Reading"
2015,"NORTH_DAKOTA","244.7138",4,"Mathematics"
2015,"NORTH_DAKOTA","224.692",4,"Reading"
2015,"NORTH_DAKOTA","288.2441",8,"Mathematics"
2015,"NORTH_DAKOTA","266.9553",8,"Reading"
2015,"OHIO","243.5986",4,"Mathematics"
2015,"OHIO","224.9304",4,"Reading"
2015,"OHIO","285.062",8,"Mathematics"
2015,"OHIO","265.8792",8,"Reading"
2015,"OKLAHOMA","239.7605",4,"Mathematics"
2015,"OKLAHOMA","221.8305",4,"Reading"
2015,"OKLAHOMA","274.586",8,"Mathematics"
2015,"OKLAHOMA","262.6731",8,"Reading"
2015,"OREGON","237.7467",4,"Mathematics"
2015,"OREGON","220.2227",4,"Reading"
2015,"OREGON","282.8149",8,"Mathematics"
2015,"OREGON","267.6705",8,"Reading"
2015,"PENNSYLVANIA","243.3122",4,"Mathematics"
2015,"PENNSYLVANIA","226.6708",4,"Reading"
2015,"PENNSYLVANIA","283.6684",8,"Mathematics"
2015,"PENNSYLVANIA","268.7461",8,"Reading"
2015,"RHODE_ISLAND","238.0017",4,"Mathematics"
2015,"RHODE_ISLAND","225.4855",4,"Reading"
2015,"RHODE_ISLAND","281.4452",8,"Mathematics"
2015,"RHODE_ISLAND","265.0509",8,"Reading"
2015,"SOUTH_CAROLINA","237.0896",4,"Mathematics"
2015,"SOUTH_CAROLINA","217.9697",4,"Reading"
2015,"SOUTH_CAROLINA","275.8279",8,"Mathematics"
2015,"SOUTH_CAROLINA","260.3314",8,"Reading"
2015,"SOUTH_DAKOTA","239.7231",4,"Mathematics"
2015,"SOUTH_DAKOTA","220.4695",4,"Reading"
2015,"SOUTH_DAKOTA","284.6414",8,"Mathematics"
2015,"SOUTH_DAKOTA","267.0799",8,"Reading"
2015,"TENNESSEE","240.6674",4,"Mathematics"
2015,"TENNESSEE","218.6133",4,"Reading"
2015,"TENNESSEE","278.2034",8,"Mathematics"
2015,"TENNESSEE","264.7712",8,"Reading"
2015,"TEXAS","244.0025",4,"Mathematics"
2015,"TEXAS","217.9429",4,"Reading"
2015,"TEXAS","283.7935",8,"Mathematics"
2015,"TEXAS","260.6551",8,"Reading"
2015,"UTAH","242.5628",4,"Mathematics"
2015,"UTAH","226.1431",4,"Reading"
2015,"UTAH","286.1169",8,"Mathematics"
2015,"UTAH","269.4307",8,"Reading"
2015,"VERMONT","243.2504",4,"Mathematics"
2015,"VERMONT","230.0986",4,"Reading"
2015,"VERMONT","290.3552",8,"Mathematics"
2015,"VERMONT","273.9618",8,"Reading"
2015,"VIRGINIA","246.6126",4,"Mathematics"
2015,"VIRGINIA","228.9713",4,"Reading"
2015,"VIRGINIA","287.7093",8,"Mathematics"
2015,"VIRGINIA","266.8361",8,"Reading"
2015,"WASHINGTON","244.9814",4,"Mathematics"
2015,"WASHINGTON","225.8929",4,"Reading"
2015,"WASHINGTON","286.5131",8,"Mathematics"
2015,"WASHINGTON","267.2509",8,"Reading"
2015,"WEST_VIRGINIA","235.2047",4,"Mathematics"
2015,"WEST_VIRGINIA","216.2533",4,"Reading"
2015,"WEST_VIRGINIA","271.4507",8,"Mathematics"
2015,"WEST_VIRGINIA","260.1853",8,"Reading"
2015,"WISCONSIN","243.3102",4,"Mathematics"
2015,"WISCONSIN","223.3564",4,"Reading"
2015,"WISCONSIN","289.0777",8,"Mathematics"
2015,"WISCONSIN","269.5337",8,"Reading"
2015,"WYOMING","246.7598",4,"Mathematics"
2015,"WYOMING","228.1608",4,"Reading"
2015,"WYOMING","286.6665",8,"Mathematics"
2015,"WYOMING","268.8034",8,"Reading"
